minutes,avg_duration_internal,avg_duration_through,avg_time_per_unit_internal,avg_time_per_unit_through,avg_daily_difference
5,178.5,94.5,2.093841642228739,2.413793103448276,0.0
10,351.3103448275862,157.25806451612902,3.6269134923460307,2.510298661174047,0.0
